{"name":"d856b2bb-5a44-439d-bc30-fcfba51ef108","id":"/providers/Microsoft.Flow/flows/d856b2bb-5a44-439d-bc30-fcfba51ef108","type":"Microsoft.Flow/flows","properties":{"apiId":"/providers/Microsoft.PowerApps/apis/shared_logicflows","displayName":"Planner Extract Test","definition":{"metadata":{"workflowEntityId":null,"creator":{"id":"c3bf0d41-e924-4c16-bca4-15a1dfbb7c2d","type":"User","tenantId":"f5727296-5b49-4b31-a544-d1d85d64a529"},"provisioningMethod":"FromDefinition","failureAlertSubscription":true,"clientLastModifiedTime":"2020-04-28T02:51:34.8461906Z"},"$schema":"https://schema.management.azure.com/providers/Microsoft.Logic/schemas/2016-06-01/workflowdefinition.json#","contentVersion":"1.0.0.0","parameters":{"$connections":{"defaultValue":{},"type":"Object"},"$authentication":{"defaultValue":{},"type":"SecureObject"}},"triggers":{"Recurrence":{"recurrence":{"frequency":"Hour","interval":1,"startTime":"2020-04-20T14:00:00.000Z"},"type":"Recurrence"}},"actions":{"List_tasks":{"runAfter":{},"metadata":{"flowSystemMetadata":{"swaggerOperationId":"ListTasks_V3"}},"type":"ApiConnection","inputs":{"host":{"connection":{"name":"@parameters('$connections')['shared_planner_1']['connectionId']"},"api":{"runtimeUrl":"https://flow-apim-msmanaged-na-northcentralus-01.azure-apim.net/apim/planner"}},"method":"get","path":"/v2/v1.0/planner/plans/@{encodeURIComponent('S3cf-DF1q0KUhP67zHf5imUAB4yo')}/tasks","queries":{"groupId":"4bd74704-d526-4d7f-8d6a-32c28fb03cd1"},"authentication":"@parameters('$authentication')"}},"Initialize_variable":{"runAfter":{"List_tasks":["Succeeded"]},"type":"InitializeVariable","inputs":{"variables":[{"name":"StrPlannerJSON","type":"string","value":"@{body('List_tasks')['value']}"}]}},"Parse_JSON":{"runAfter":{"Initialize_variable":["Succeeded"]},"type":"ParseJson","inputs":{"content":"@variables('StrPlannerJSON')","schema":{"type":"array","items":{"type":"object","properties":{"@@odata.etag":{"type":"string"},"planId":{"type":"string"},"bucketId":{"type":"string"},"title":{"type":"string"},"orderHint":{"type":"string"},"assigneePriority":{"type":"string"},"percentComplete":{"type":"integer"},"startDateTime":{},"createdDateTime":{"type":"string"},"dueDateTime":{},"hasDescription":{"type":"boolean"},"previewType":{"type":"string"},"completedDateTime":{},"completedBy":{},"referenceCount":{"type":"integer"},"checklistItemCount":{"type":"integer"},"activeChecklistItemCount":{"type":"integer"},"conversationThreadId":{},"id":{"type":"string"},"createdBy":{"type":"object","properties":{"user":{"type":"object","properties":{"displayName":{},"id":{"type":"string"}}}}},"appliedCategories":{"type":"object","properties":{}},"assignments":{"type":"object","properties":{}},"_assignments":{"type":"array"}},"required":["@@odata.etag","planId","bucketId","title","orderHint","assigneePriority","percentComplete","startDateTime","createdDateTime","dueDateTime","hasDescription","previewType","completedDateTime","completedBy","referenceCount","checklistItemCount","activeChecklistItemCount","conversationThreadId","id","createdBy","appliedCategories","assignments","_assignments"]}}}},"Apply_to_each":{"foreach":"@body('Parse_JSON')","actions":{"GetItemForTitle":{"runAfter":{},"metadata":{"flowSystemMetadata":{"swaggerOperationId":"HttpRequest"}},"type":"ApiConnection","inputs":{"host":{"connection":{"name":"@parameters('$connections')['shared_sharepointonline']['connectionId']"},"api":{"runtimeUrl":"https://flow-apim-msmanaged-na-westus2-01.azure-apim.net/apim/sharepointonline"}},"method":"post","body":{"method":"GET","uri":"_vti_bin/listdata.svc/PlannerExtractSPList/$count?&$filter=Title eq '@{concat(items('Apply_to_each')['@odata.etag'],items('Apply_to_each')['id'])}'","headers":{"Accept":"text/plain;odata=verbose"}},"path":"/datasets/@{encodeURIComponent(encodeURIComponent('https://definitivelogiconline.sharepoint.com/sites/jkerski'))}/httprequest","authentication":"@parameters('$authentication')"}},"If_No_item,_create_entry_in_SharePoint":{"actions":{"Create_item":{"runAfter":{},"metadata":{"flowSystemMetadata":{"swaggerOperationId":"PostItem"}},"type":"ApiConnection","inputs":{"host":{"connection":{"name":"@parameters('$connections')['shared_sharepointonline']['connectionId']"},"api":{"runtimeUrl":"https://flow-apim-msmanaged-na-westus2-01.azure-apim.net/apim/sharepointonline"}},"method":"post","body":{"Title":"@{concat(items('Apply_to_each')['@odata.etag'],items('Apply_to_each')['id'])}","JSON":"@{items('Apply_to_each')}"},"path":"/datasets/@{encodeURIComponent(encodeURIComponent('https://definitivelogiconline.sharepoint.com/sites/jkerski'))}/tables/@{encodeURIComponent(encodeURIComponent('a9c13259-0008-45de-94c0-e4cdd9fea6ad'))}/items","authentication":"@parameters('$authentication')"}}},"runAfter":{"GetItemForTitle":["Succeeded"]},"expression":{"equals":["@int(Body('GetItemForTitle'))",0]},"type":"If"}},"runAfter":{"Parse_JSON":["Succeeded"]},"type":"Foreach","runtimeConfiguration":{"concurrency":{"repetitions":20}}}}},"connectionReferences":{"shared_planner_1":{"connectionName":"shared-planner-e4ff8e7b-d958-4874-a4ab-31822dc4caf5","source":"Embedded","id":"/providers/Microsoft.PowerApps/apis/shared_planner","tier":"NotSpecified"},"shared_sharepointonline":{"connectionName":"3be69db9e09cb20259d8ada1d3dded59","source":"Embedded","id":"/providers/Microsoft.PowerApps/apis/shared_sharepointonline","tier":"NotSpecified"}},"flowFailureAlertSubscribed":false}}